[
    {
      "id": 0,

      "ProjectAddress": "0x412Bc3217eC7003F737F3b50935688561c0FcB53",
      "ProjectName": "CultureEnter1",
      "InitiationTime": 2021.1,
      "Category": "Government",
      "Mode":"sole",
      "Type":"Culture and Entertainment",
      "Location": "Beijing",
      "Money":"100",
      "attMoney":"100",
      "Unit":"hy Company",
      "Contact":"111111",
      "description":"none0"
    },
    {
        "id": 1,
  
        "ProjectAddress": "0x89F9739E7831E30561a26844Bb003AFc86a2E82a",
        "ProjectName": "Web1",
        "InitiationTime": 2021.12,
        "Category": "Large",
        "Mode":"joint",
        "Type":"Web Technology",
        "Location": "Shanghai",
        "Money":"150",
        "attMoney":"150",
        "Unit":"hy2 Company",
        "Contact":"222222",
        "description":"none1"
      },
      {
        "id": 2,
  
        "ProjectAddress": "0x4D17220a17fa102F91800832c9e403586D040328",
        "ProjectName": "Education1",
        "InitiationTime": 2021.3,
        "Category": "Small",
        "Mode":"cooperation",
        "Type":"Education",
        "Location": "Shenzhen",
        "Money":"200",
        "attMoney":"200",
        "Unit":"hy3 Company",
        "Contact":"333333",
        "description":"none2"
      },
      {
        "id": 3,
  
        "ProjectAddress": "0x71E58978f8F2CBc245Ec1FFFe20b57ffCEe3b9d4",
        "ProjectName": "Estate1",
        "InitiationTime": 2021.10,
        "Category": "Others",
        "Mode":"Others",
        "Type":"Real Estate",
        "Location": "Chengdu",
        "Money":"500",
        "attMoney":"500",
        "Unit":"hy4 Company",
        "Contact":"123456",
        "description":"none3"
      },
      {
        "id": 4,
  
        "ProjectAddress": "0x648D5974E6A0192603140b7D17e20A8484CF80CA",
        "ProjectName": "Health1",
        "InitiationTime": 2021.5,
        "Category": "Government",
        "Mode":"Joint",
        "Type":"Medical and Health",
        "Location": "Kunming",
        "Money":"300",
        "attMoney":"300",
        "Unit":"hy5 Company",
        "Contact":"234567",
        "description":"none4"
      },
      {
        "id": 5,
  
        "ProjectAddress": "0x412Bc3217eC7003F737F3b50935688561c0FcB53",
        "ProjectName": "CultureEnter2",
        "InitiationTime": 2021.7,
        "Category": "Large",
        "Mode":"Sole",
        "Type":"Culture and Entertainment",
        "Location": "Xian",
        "Money":"100",
        "attMoney":"100",
        "Unit":"hy6 Company",
        "Contact":"345678",
        "description":"none5"
      },
      {
        "id": 6,
  
        "ProjectAddress": "0xBb8941C8E2e24f2B4724a8446c44aa8fc7b5C9F8",
        "ProjectName": "Education2",
        "InitiationTime": 2021.6,
        "Category": "Small",
        "Mode":"cooperation",
        "Type":"Education",
        "Location": "Dali",
        "Money":"200",
        "attMoney":"200",
        "Unit":"hy7 Company",
        "Contact":"666666",
        "description":"none6"
      },
    {
      "id": 7,
      "picture": "images/MedicalHealth.jpeg",
  
      "ProjectName": "MedicalHealth2",
      "InitiationTime": 2021.2,
      "Category": "MedicalHealth",
      "Mode":"sole",
      "Type":"Equity investment project",
      "Industry":"Software and information",
      "location": "Shanghai",
      "Money":"10 million RMB",
      "attMoney":"5 million RMB",
      "Unit":"xx Company",
      "Contact":"123456",
      "description":"n"
    },
    {
      "id": 8,
      "picture": "images/MedicalHealth.jpeg",
  
      "ProjectName": "MedicalHealth3",
      "InitiationTime": 2021.2,
      "Category": "MedicalHealth",
      "Mode":"sole",
      "Type":"Equity investment project",
      "Industry":"Software and information",
      "location": "Beijing",
      "Money":"10 million RMB",
      "attMoney":"5 million RMB",
      "Unit":"xx Company",
      "Contact":"123456",
      "description":"n"
    },
    {
      "id": 9,
      "picture": "images/Education.jpeg",
  
      "ProjectName": "Education1",
      "InitiationTime": 2021.2,
      "Category": "Education",
      "Mode":"sole",
      "Type":"Equity investment project",
      "Industry":"Software and information",
      "location": "Beijing",
      "Money":"10 million RMB",
      "attMoney":"5 million RMB",
      "Unit":"xx Company",
      "Contact":"123456",
      "description":"n"
    },
    {
      "id": 10,
      "picture": "images/Education.jpeg",
  
      "ProjectName": "Education2",
      "InitiationTime": 2021.2,
      "Category": "Education",
      "Mode":"sole",
      "Type":"Equity investment project",
      "Industry":"Software and information",
      "location": "Kunming",
      "Money":"10 million RMB",
      "attMoney":"5 million RMB",
      "Unit":"xx Company",
      "Contact":"123456",
      "description":"n"
    },
    {
      "id": 11,
      "picture": "images/Education.jpeg",
  
      "ProjectName": "Education3",
      "InitiationTime": 2021.2,
      "Category": "Education",
      "Mode":"sole",
      "Type":"Equity investment project",
      "Industry":"Software and information",
      "location": "Kunming",
      "Money":"10 million RMB",
      "attMoney":"5 million RMB",
      "Unit":"xx Company",
      "Contact":"123456",
      "description":"n"
    },
    {
      "id": 12,
      "picture": "images/CultureEnter.jpeg",
  
      "ProjectName": "CultureEnter1",
      "InitiationTime": 2021.2,
      "Category": "CultureEnter",
      "Mode":"sole",
      "Type":"Equity investment project",
      "Industry":"Software and information",
      "location": "Tianjin",
      "Money":"10 million RMB",
      "attMoney":"5 million RMB",
      "Unit":"xx Company",
      "Contact":"123456",
      "description":"n"
    },
    {
      "id": 13,
      "picture": "images/CultureEnter.jpeg",
  
      "ProjectName": "CultureEnter2",
      "InitiationTime": 2021.2,
      "Category": "CultureEnter",
      "Mode":"sole",
      "Type":"Equity investment project",
      "Industry":"Software and information",
      "location": "Chengdu",
      "Money":"10 million RMB",
      "attMoney":"5 million RMB",
      "Unit":"xx Company",
      "Contact":"123456",
      "description":"n"
    },
    {
      "id": 14,
      "picture": "images/CultureEnter.jpeg",
  
      "ProjectName": "CultureEnter3",
      "InitiationTime": 2021.2,
      "Category": "CultureEnter",
      "Mode":"sole",
      "Type":"Equity investment project",
      "Industry":"Software and information",
      "location": "Shanghai",
      "Money":"10 million RMB",
      "attMoney":"5 million RMB",
      "Unit":"xx Company",
      "Contact":"123456",
      "description":"n"
    },
    {
      "id": 15,
      "picture": "images/CultureEnter.jpeg",
  
      "ProjectName": "CultureEnter4",
      "InitiationTime": 2021.2,
      "Category": "CultureEnter",
      "Mode":"sole",
      "Type":"Equity investment project",
      "Industry":"Software and information",
      "location": "Beijing",
      "Money":"10 million RMB",
      "attMoney":"5 million RMB",
      "Unit":"xx Company",
      "Contact":"123456",
      "description":"n"
    }
  ]
  