[
    {
        "Title":"Add your project:",
        "picture": "images/CultureEnter.jpeg"
    },

    {
        "Title":"Add your project:",
        "picture": "images/Education.jpeg"
    },

    {
        "Title":"Add your project:",
        "picture": "images/MedicalHealth.jpeg"
    },

    {
        "Title":"Add your project:",
        "picture": "images/RealEstate.jpeg"
    },

    {
        "Title":"Add your project:",
        "picture": "images/WebTech.jpeg"
    },

    {
        "Title":"Add your project:",
        "picture": "images/Others.jpeg"
    },

    {
        "Title":"Add your project:",
        "picture": "images/Add.jpeg"
    }
]